IDX,expression,cont_rating
0,(t^(t|11))^((t*12)&11),0
1,t*(t/10),5
2,(t|(t&7))*(t/8),5
3,((t>>6)-(t^((t>>1)|5)))-((t>>4)&5),10
4,(t*((3+(1^((t>>10)&5)))*(5+(3&(t>>14)))))>>((t>>8)&3),80
5,t>>((t^(t|11))*(((t|8)&(((t>>10)*(t&11))*10))>>11)),45
6,((t>>13)>>(t&(t&(t>>15))))|(t>>(t*(t>>12))),10
7,(t|9)>>((t&9)*7),10
8,t*(((t>>6)&12)|(((t>>12)&25)^(((t>>10)&12)&(t>>17)))),90
9,(((t|5)*7)>>8)^((t*6)*11),5
10,(t*5)&(t>>((t^3)%6)),5
11,(t|11)-((t*10)>>11),0
12,((t>>10)*13)*((t^(t^9))+((t+10)>>((t%12)^12))),5
13,t|((t>>9)*(((t>>10)*8)*(t^6))),15
14,(t>>9)*(((t*8)%10)&10),5
15,t>>((((((t%4)&(((t*5)*4)%4))>>5)^6)&7)*(t&5)),10
16,(t%9)-((t*8)&(t|(((t+11)^(t^9))*(t>>12)))),10
17,(t*(t>>(t&(t>>8))))&((t|(t*9))>>(t>>(t*12))),15
18,t>>(t^(t+((t>>10)&8))),15
19,t-(((t&(t&7))*(t&(t>>10)))*(((t*7)|(t*4))*8)),20
20,t^((t&((t*13)*10))*(((t^11)&10)&(t>>12))),20
21,(((t>>10)*11)>>(t>>15))-((t+12)*((t>>11)|12)),45
22,(t*((4+(2^((t>>12)&2)))*(3+(2&(t>>14)))))>>((t>>11)&2),50
23,(t%10)|((t&8)&((t>>10)*(t&7))),75
24,(t>>10)^((t*(t|10))*(t>>11)),80
25,(t*10)*(t^(t>>13)),25
26,(((t|10)*11)*((t^10)>>11))+(t|(t>>(t|12))),30
27,((t>>(t&9))>>((t>>10)%14))&(t>>(t&((t>>7)-9))),35
28,t&((t>>10)*(t*9)),40
29,t-(t&(((t>>9)*9)&(t^(t&10)))),65
30,((t*7)>>11)-((((t&4)/9)*8)*(t>>13)),10
31,(t|(t%7))|(t*(t>>8)),40
32,(t*5)^((t%8)*((t|8)>>8)),20
33,(t>>7)&((((t%8)*(t>>8))|((t*6)*(t&9)))>>7),25
34,(t*((t>>5)|(t>>8)))>>(t>>16),80
35,(t>>5)&(t^8),0
36,((t>>5)>>8)^(((t&11)*(t&7))&9),0
37,(((t&7)^(t>>13))^13)-(((t>>12)/(t|12))*(t>>8)),0
38,t>>((t&1)*((t&0)+5)),5
39,(t>>8)*((t^((t^((t*9)>>8))+(t&5)))&((t*(t&8))^(t*8))),5
40,(t&8)*((t^6)+((t&(t>>8))*(t*7))),5
41,(t>>5)&(((t&5)*6)|(t>>3)),5
42,t|(t>>5),10
43,(((t>>1)>>4)&(t+1))|(t*((t-3)^(t&(t&3)))),10
44,t*((t&9)&(t+(t>>9))),10
45,t&((t*(((t>>(t*7))^7)&(t&6)))>>6),10
46,(((t%8)^6)*(t>>5))&(t*10),10
47,t&(((t>>5)^(t^5))|(((t&(t|2))>>(t|5))>>5)),10
48,(t|4)&(t>>((t*(t>>(t&(t>>3))))*5)),10
49,(t*((t>>6)-7))>>((t&7)>>8),10
50,((t>>5)&(t^7))>>(((t&6)|6)&8),10
51,((t*1)>>5)>>((((t^4)|((t&8)|7))+6)*((t|5)&(t&(t&4)))),10
52,(t|3)&(t>>5),10
53,t&((t>>5)|7),10
54,((t^5)|(t>>(t>>7)))|((t>>5)|7),10
55,t&(t-(t&(t>>5))),10
56,t&((t|((t>>6)|0))&(t>>5)),10
57,(t>>5)&(t^7),10
58,t>>((t*4)&(t&((t|4)>>4))),10
59,((t*7)|(t>>5))+(((t&2)&2)>>(t&1)),15
60,(((t%5)&6)+(((t&6)&10)^(((t*7)>>6)*8)))*(t>>8),15
61,t&((t>>5)^3),15
62,(t*((t*8)>>9))|(t|((t|(t*(t&9)))&9)),15
63,t|(t*(t>>6)),15
64,(t&7)+((t&(t>>5))^(t&9)),15
65,(((((t*(t&9))^6)|6)^7)>>(t&9))>>((t&5)*6),15
66,t^((t>>(t&5))|(((t^5)&5)+(t&(t>>4)))),15
67,t|(t|(t>>5)),15
68,(t*0)^(t&(t>>5)),15
69,t>>(((t-(t^3))-((t-(t^(t>>3)))*2))&5),15
70,(t^8)&((t^(t>>5))>>((t+7)&9)),15
71,t|(((t&(t&(t>>6)))*((t|9)&(t>>5)))|((t|(t^8))%5)),15
72,t|((t+10)>>(t*(t&(t>>6)))),15
73,t>>(((t>>5)>>(t%2))&5),15
74,((t+1)>>5)&(t*7),15
75,(t*7)&((t|5)&(t*((t>>6)-(((t%5)-8)>>(t*8))))),20
76,t*((t^(((t^7)>>(((t+7)>>6)&4))&9))>>6),20
77,(t>>5)&(t>>((t&(t>>6))&7)),20
78,((t>>9)&(t^(t>>6)))&((t%10)&(t*9)),20
79,t|(((t>>4)>>((t&((t&6)+(t*4)))|(t&6)))>>6),20
80,(((t>>6)^8)*((t>>((t^2)>>2))-(t&2)))^(((t&7)>>5)^(t*5)),20
81,((t>>7)*12)&(t*(t*8)),20
82,(t>>5)&((t-((t|6)%5))&((t*5)-5)),20
83,t*(((((t>>11)*(t^(t*8)))|(((t&12)>>12)>>9))*7)|((t*8)&10)),20
84,(t>>6)&((t&6)*(((t^7)-12)>>7)),20
85,t^((t^(t%4))&(t>>5)),20
86,((t>>8)*8)-((t^((t^6)|((((t*8)-10)&(t*(t&6)))|(t^8))))^8),20
87,t>>(t&((t&(t>>4))>>2)),20
88,t&((((t>>3)+2)&3)^((t>>5)^3)),20
89,(t*7)&((t>>5)&(t*(t&11))),20
90,t>>(((t>>((t^(t*3))&2))^(t>>(t^2)))&5),20
91,((t|(t>>6))*7)^((t^((t&6)>>(t>>(t&9))))%9),25
92,(t&(t>>8))&((t&9)+(t&7)),25
93,((t*7)^4)&((t^8)>>5),25
94,(t>>8)>>(t&(t>>7)),25
95,t|((t*8)>>8),30
96,(((t-(t&6))^((t&4)|6))*7)&(t>>5),30
97,t*(t>>6),30
98,t&((((t>>((t^1)&2))|(t*2))>>(t*0))>>5),30
99,(t>>5)|((((t-6)|(t*3))>>4)^(t*3)),30
100,t|(((((t^4)>>5)^6)|5)|7),30
101,t&(((t*1)>>1)>>4),35
102,((t>>10)*(t|10))-((t|12)*((t&8)>>(t&12))),35
103,(t*(t|16))^((t*(t*(t>>12)))*11),35
104,(t^9)&((t*11)-(((t*7)*6)*(t>>8))),35
105,(t*4)|(t>>5),35
106,(t>>5)&(t*8),35
107,((t>>3)^(t|7))^(((t*4)>>(t&4))>>7),35
108,((t^8)|(t&8))&(t*(t>>6)),35
109,t^((t>>5)>>(t&4)),35
110,(t*7)|((t^9)>>(((t&8)+8)&(t>>8))),35
111,((t&(t>>10))-(t&11))|((t>>11)|(t^10)),40
112,(t|5)*((t>>6)>>(t&8)),40
113,(((t|1)>>3)/4)-(t&(t-(t*6))),40
114,((t&4)+(t>>5))|(t>>((t>>5)%8)),40
115,(t&(t%255))-(((t*3)&(t>>13))&(t>>6)),40
116,t*((t>>(t|(t^7)))+(t>>6)),40
117,((t*(t&4))|((t^(t*(t&6)))>>6))&(t*4),45
118,(t%9)&(((t>>10)>>((t&9)>>8))*(t&6)),45
119,((t|(t>>6))*6)^(((t&10)-6)+(t&(t&7))),45
120,(t>>5)*(t&(t^((t>>3)>>5))),45
121,(((t>>9)&(t*9))+(t|10))%((t>>11)+11),45
122,(((t|((t^7)>>11))*(t&12))&12)&(t>>((t%10)*11)),45
123,t*(((t>>11)&(t>>8))&(123&(t>>3))),45
124,(t>>6)*(t&6),50
125,((t&6)^(t*(t>>10)))*(t>>10),50
126,(t&9)*(((t>>((t>>5)>>10))/8)*((t>>8)*8)),50
127,t*(((t>>8)*((t>>15)|(t>>8)))&(20|((((t>>19)*5)>>t)|(t>>3)))),50
128,(t*(((t>>24)|(t>>10))&5))&132,50
129,t*(((t>>10)|8)*(t*8)),60
130,(((t>>9)|(t%11))&(t*10))*(((t&13)&13)|11),60
131,(t|6)*(t>>8),65
132,t*((((t>>9)^((t>>9)-1))^1)%13),65
133,(t>>5)&(((t*4)*7)^(((t*(t*9))>>6)>>8)),70
134,(t>>5)&((t-(t%5))+((t*(t>>6))>>6)),70
135,t*((8*((t>>15)|(t>>8)))&(20|((((t>>19)*5)>>t)|(t>>3)))),70
136,(((t>>6)|t)|(t>>(t>>16)))*(10+((t>>11)&7)),70
137,(t*(((t>>11)|(t>>23))&115))&104,70
138,t*(42*(t>>10)),70
139,t*(((t>>9)&10)|(((t>>11)&24)^(((t>>10)&15)&(t>>15)))),75
140,((((t>>7)|t)|(t>>6))*10)+(4*((t&(t>>13))|(t*6))),75
141,(t*((t>>19)|(t>>10)))&22,80
142,(((t*((t>>8)|(t>>9)))&46)&(t>>8))^((t&(t>>13))|(t>>6)),85
143,((t>>11)|(t%26))&((t>>8)|(t%22)),85
144,(t*((t>>16)|(t>>9)))&13,90
145,(t^4)&((t+(t>>5))>>5),20
146,(((t>>12)&11)-7)*((t>>(t*10))^(t*(t&12))),30
147,t^((t>>(t&5))>>(t&(t*(t*3)))),5
148,t>>(t&((t>>7)%7)),5
149,t>>(((t^7)%9)>>(((t^9)>>6)%9)),15
150,((t>>8)*(t&9))^((t-10)^((t&10)&10)),25
151,(t-7)^(((t>>9)*10)+((t-9)&9)),20
152,((t-7)>>9)*((t&10)*10),25
153,t^((t*3)&((t>>1)&(t>>(t&((t^(t*5))-(t>>3)))))),0
154,(((t>>9)*5)>>(t&(t%4)))^(((t+5)^((t&3)%7))|8),5
155,(t*11)>>((((t>>8)*10)^(t*7))&8),5
156,(t*7)&(((t>>(t&8))^7)%6),15
157,(t&(t>>7))&(((t>>8)^9)*6),15
158,(t-(t%8))&(((t&14)*(t>>9))*11),20
159,((t^(t*4))>>6)|(t^6),20
160,t&(((t>>7)&(t*6))>>((t&(t*8))*(t&6))),30
161,t^(t*((t>>10)*7)),30
162,t^(((t|10)>>(t%7))^(((t^8)*7)>>8)),0
163,t^(t>>((t>>8)*((t*12)&(t^9)))),5
164,(t&(t&6))*((t>>7)*6),10
165,(t%7)*(((t&(t>>3))|(t|(t%4)))>>7),15
166,(((t|4)*3)-2)|((t*3)>>5),15
167,(t>>(t>>9))|((t&6)*(t>>7)),25
168,((t&(t>>5))&((t>>6)^8))&(t*((t^8)&11)),60
169,t&(((t>>8)*6)-((t*(t&5))>>3)),0
170,t&((t>>6)&((t^5)>>4)),0
171,(t-5)/(((t>>0)&0)|5),0
172,((t>>(t%7))|5)&(t|((t&(t&7))^(t*5))),5
173,(t&7)*(((t-9)*8)>>10),5
174,((t+4)&3)*((t>>7)|7),20
175,(((t&12)*(t>>9))+13)>>(t&(t>>(t>>10))),50
176,(t>>(t&8))/(((t>>7)*((t>>8)>>11))^9),5
177,t|((t>>7)*7),5
178,((t&5)>>((t>>((t>>0)*5))*4))+(((t&(t*6))^(t^2))-(t/6)),5
179,t*(t&((t&(t*6))>>9)),10
180,(t*7)>>((t*(t&8))+7),10
181,(t/6)-(t&(((t*(t>>5))>>(t>>7))|8)),10
182,(t&(t*(t&7)))/(t|(t^4)),15
183,((t|7)>>((t>>(t>>(((t&11)&6)%6)))^7))*((t&6)*7),20
184,(t*14)>>((t*10)&9),20
185,((t&(t&6))*8)&((t*7)>>9),20
186,(t&5)|((((t&3)*((t>>(t&2))*7))>>4)>>(t%6)),35
187,((t^(t*((t*(t^3))&1)))>>6)-((t&(t&6))*(t>>5)),40
188,t&(((t>>12)*(t|12))|(t&9)),50
189,((t&(t^10))%10)*(((t>>8)|10)+11),55
190,(t>>5)&((t*1)>>4),0
191,t^(((t+1)>>(t&(((t>>1)*6)*4)))|(t*5)),0
192,t>>(t&((t&(t&3))>>(((t>>0)>>0)*((t>>(t^0))&1)))),10
193,(t>>5)&(t>>6),0
194,(t*((t>>5)*6))>>((((t*4)*(t*4))^5)&(t*8)),0
195,(t/4)-(((t>>6)^8)>>6),0
196,t>>((t^(t*5))&5),0
197,((t>>(t^9))^(t>>9))+(t*8),0
198,(t^3)>>(t&3),0
199,((t>>8)^((t&((t&12)^10))%8))>>((t*9)&10),0
200,(t>>5)&(t>>4),0
201,(t^(t&2))>>(t&3),0
202,(t|((t|4)&(t>>5)))>>(((t>>8)+10)&6),5
203,(t>>3)&((t>>3)*(t*((t&(t|(t&3)))&6))),5
204,((t*6)|8)&((((t|(t&6))^((t>>8)^6))+(t*9))&10),5
205,((t^(t>>8))*(t^11))&(((t*(t>>6))^8)&(t%8)),5
206,t&(t>>(t%4)),5
207,(t|5)%(((t>>6)*5)|6),5
208,(t>>8)&(t&(t&((t*(t|4))%8))),5
209,t>>((t+((t|5)*6))%7),5
210,t|((t>>2)>>((t%2)&1)),5
211,t>>(t%9),5
212,(t+((t|(t-3))>>2))%((t>>3)|(t|2)),5
213,(t^6)-(((t*3)*(t^3))&((t>>(t&(t&2)))&(t&(t>>4)))),5
214,(t>>(t&2))>>(((t^(t*2))&2)%4),5
215,(t+(t-((t&(t&8))^3)))&((t|(t+2))>>(t%4)),5
216,((t>>4)&(((t^7)*8)>>5))|(t>>((t%5)|3)),5
217,t&(t>>((t&(t*-1))&2)),5
218,t>>(((t>>4)&7)&(t*(t*(t>>5)))),10
219,(t>>9)*((t^(t>>(t&8)))&10),10
220,(t^0)%((t&(t>>2))^(t|2)),10
221,(t|(t*7))*(((t^7)^(t^((t>>2)|4)))>>5),10
222,(t*3)>>((t&((t-2)>>(t^(t+2))))>>6),10
223,(t^5)>>(((t*4)&(t|4))>>((t*1)*((t&(t&4))*6))),10
224,(t>>((t&7)&(t*11)))|(t*((t>>(t|(t|5)))*8)),10
225,(t/4)-(((t+2)>>4)|5),10
226,t&(t^(t>>(t&(t%4)))),10
227,((t^7)>>8)^((t%(t|9))&(t%8)),10
228,(t*(t*4))|((t>>3)+(t&5)),10
229,(t>>((t|12)&11))^((((t&10)^12)>>10)+9),10
230,(t-12)*(((t-(t&11))^(t>>8))&11),10
231,(((t^11)-(t&9))-10)|(t^((t|8)>>4)),10
232,t&((t%5)*((t|4)>>4)),10
233,((t|(t>>6))%6)|((t+(t^(t>>3)))&(t-4)),10
234,((t-(t&4))>>2)|((t>>6)*(t&(t&2))),10
235,((t^(t-3))-3)&(t*(t>>5)),10
236,(t*11)&((t>>8)&7),10
237,(((t+5)|5)*7)%((t^((t+((t|4)&(t>>8)))&(t>>5)))|7),10
238,(t&(t&4))*(t>>6),10
239,(t&(t*9))>>((((t|10)%(t|7))&8)^(t&4)),10
240,(t>>(t*9))|(((t>>7)^7)&10),10
241,(t&11)&((t&(t>>8))|7),15
242,((t>>3)>>2)*(((t*3)*(t^9))&3),15
243,((t*10)>>10)&(t&11),15
244,(t*(t&(t>>(t&7))))&(t>>4),15
245,t>>((((t>>12)>>(t&11))*9)&(t^((t>>10)^9))),15
246,(t>>8)&((t>>(t&((t&5)|6)))>>8),15
247,((t>>8)^(t&6))&((t%9)^11),15
248,(t>>4)>>((t^(t|4))^(((t%4)&(((t^5)&6)&5))&(t&5))),15
249,t>>(((t>>7)&11)%((t|(t|9))&11)),15
250,(t&8)*((t^8)&((t|12)>>7)),15
251,t&((t>>8)&(t+9)),15
252,(t>>(t&4))|(t*(t&5)),15
253,(t&(t+9))*((t&8)*(t>>(t&9))),15
254,(t>>4)|((t^4)&(t>>3)),15
255,((((t&6)*6)*((t%7)|5))^(t|5))&((t>>7)*8),15
256,(t>>6)&(t>>5),15
257,(t>>5)>>((t>>6)>>((t&(t*((t>>10)%7)))*(t&8))),15
258,((t^7)*9)|((((t>>7)>>6)|(t>>4))^8),20
259,(t>>4)>>(t&((t>>(t>>6))|((t%3)|5))),20
260,((((t|(t>>11))^((t|9)*10))*(t&11))&15)*(t/((t>>13)+11)),20
261,t&((t^4)>>(t&(t>>((t|3)&7)))),20
262,((t>>8)>>(t&(t>>((t%9)&10))))^(((t>>11)*(t^(t|(t*9))))&(t&9)),20
263,(((t^5)>>9)&7)*((t-(t|9))*(t&7)),20
264,(t*2)^(t>>((t>>1)*(t*(t&(t>>3))))),20
265,(t|7)*(t>>7),20
266,(((t*4)*2)*5)&((((t+6)>>4)|3)|6),20
267,(t*9)>>(((t>>8)&(t&11))+7),20
268,((((t^10)*11)^7)|11)&((t|11)^(t&((t|(t&(t-(t>>10))))>>4))),20
269,t*(((t>>8)&(t>>5))&((t&33)&(t>>3))),20
270,(((t|0)^6)>>4)|((t|3)+(t-3)),25
271,t^(((t>>8)&(t*6))^(t^6)),25
272,(t>>4)&(t*6),25
273,(t>>10)^(((t+12)-10)>>(((t&12)>>(t*(t%9)))|9)),25
274,(t-(t*((t^5)*9)))*((t&4)|(t>>9)),25
275,((t^6)>>(((t%5)^7)%5))&(t>>(t&((t+9)>>8))),25
276,(t&7)^(t&(t>>8)),25
277,(t>>7)&(t*8),25
278,t>>(((t*12)&(t^10))&(t>>(t&8))),25
279,(t*4)|(t>>4),25
280,(((t&12)&(t%13))>>(t>>12))|(((t&10)^12)-(((t&10)^9)*(t>>12))),25
281,(t*3)^((t>>(t&(t&4)))&(((t^5)^1)-(t&3))),25
282,(t*(t+5))&((t^4)>>8),25
283,((t>>6)>>(((t^6)>>10)%4))>>((t>>7)*(t&2)),25
284,t>>(t&((t|((t*8)&6))&(t>>8))),30
285,(t>>7)&((t>>(t&(t>>(t*9))))*(t*9)),30
286,((((t>>(t*10))*(t^11))^11)*(t&9))&((t*8)>>11),30
287,((t|14)^(t*13))*(t>>9),30
288,(t>>3)>>(t&(t&4)),30
289,((t^11)>>10)>>((t^((t>>10)&(t|8)))&(((t&(t-8))>>9)+9)),30
290,((t&(((t^10)|(t>>9))|4))*(t&(t&8)))*((t^11)*9),35
291,(t&(t>>7))*(((t*11)&((t*9)&12))^11),35
292,(t+7)-(t|((t>>9)&7)),35
293,((t>>7)+(t%7))^(t>>4),35
294,(t&(t>>8))&((t+3)*5),35
295,(t*3)-(((t>>8)-4)^(t^4)),35
296,(t|13)*(t&(t>>10)),35
297,(t>>8)&(t|((t%7)|9)),40
298,t>>(t>>((t>>(t&10))&(t>>(t&((t>>7)^8))))),40
299,(t*((t>>16)|(t>>10)))&17,40
300,t>>(t&(t>>7)),45
301,(t>>7)&((t&6)+(t*8)),45
302,(((t*13)&15)>>13)+(t>>((t%13)&((t>>13)%11))),45
303,(t>>(t&((t&(t&8))^(t&8))))>>(t&((t>>5)>>7)),45
304,(t&(t>>7))*(((t|10)&(t>>7))&9),45
305,(t*8)&(((t>>(t&12))&9)*11),45
306,((t*5)*9)&(t>>8),45
307,t|((t>>7)+(t&7)),45
308,(t|(t>>7))+((t*8)>>7),45
309,((t|((t>>9)|(t>>7)))*t)&((t>>11)|(t>>9)),45
310,((t&(t>>9))&7)*(t^8),49
311,((t>>6)|7)^(t*((t*8)&8)),50
312,(t>>8)&(t*((t|5)|((t|6)|(t>>((t^7)*8))))),50
313,(t*(((t>>19)|(t>>10))&10))&135,50
314,(t*(((t>>11)|(t>>11))&5))&250,50
315,(((t%6)|(t-6))&((t|2)>>6))>>(t>>(t&(t*4))),55
316,(t|((t%(t|4))^(t^7)))+((t^8)*((t>>8)|7)),55
317,t&((((t|0)>>6)>>2)&(((t^2)|1)^((((t|2)^3)>>(t&4))&(t*5)))),55
318,t>>((t&((t>>8)*(t&10)))>>10),55
319,t>>((t>>(((t>>10)|9)&9))&((t&(t*6))&(t-10))),60
320,((t^(t&12))*10)&((t>>9)+11),60
321,t*(42&(t>>10)),60
322,t>>((((t>>9)&(t*9))+8)^((t&9)>>6)),65
323,((((t>>7)|t)|(t>>6))*10)+(4*((t&(t>>13))|(t>>6))),65
324,((t&7)|(t|8))>>((t*6)&(t>>7)),70
325,(t&(t>>12))*((t>>4)|(t>>8)),70
326,(t*((((t>>8)|(t>>9))&46)&(t>>8)))^((t&(t>>13))|(t>>6)),70
327,(t*(((t>>10)|(t>>35))&42))&191,70
328,((t>>3)|(t%14))|(((t%104)|(t>>10))&((t>>6)|((t*t)%12))),70
329,((t>>13)|(t%24))&((t>>7)|(t%19)),75
330,((t|((t>>7)|(t>>6)))*t)&((t>>11)|(t>>9)),75
331,(t>>9)&(t&(t*((t>>10)&9))),80
332,(t*((t>>9)|(t>>13)))&16,80
333,t*(((t>>10)&(t>>9))&(122&(t>>2))),80
334,(t*((t>>10)|(t>>50)))&50,80
335,((((t>>7)|t)|(t>>6))*10)+(4*((t&(t>>13))*(t>>6))),80
336,((t>>11)|(t%22))&((t>>6)|(t%18)),90
337,((t>>4)|(t%10))|(((t%101)|(t>>14))&((t>>7)|((t*t)%17))),100
338,((t>>4)|(t%11))|(((t%102)|(t>>9))&((t>>9)|((t*t)%16))),100
339,(t%8)|(((t*9)*13)+((t*9)>>12)),0
340,(t>>8)*((t&10)*9),0
341,(t^(t*((t>>4)&6)))>>((t*7)&8),5
342,(t>>(t&7))|(((t%8)*(t>>9))*7),5
343,(t*(t*8))%((t*(t&(t*9)))^11),5
344,t&(((t*9)&(t&((t*(t|9))&(t*10))))>>7),5
345,(t/8)+(((t&11)*((t>>7)^6))*11),10
346,t&((t*((t>>(t&5))>>8))>>11),10
347,(t%10)&((t+((t+(t&13))*(t&9)))>>11),15
348,t>>((t&((t&9)*9))*7),15
349,((t>>9)%7)^((t&8)&(t*(t|11))),20
350,t+(((t>>6)|(t^6))*9),20
351,(t>>6)>>((((t&(t^9))&5)&((t+(t%5))*3))*((((t%6)^2)|4)^6)),20
352,(((t>>7)-8)-8)*((t&11)%11),25
353,(t&(t>>11))-((t/7)+(t&7)),35
354,(t>>(((t+7)>>10)&8))^(((t^8)&(t&12))*9),50
355,((t*9)>>11)*(t^(t&12)),60
356,((t*5)&(t>>7))|((t*3)&(t>>10)),65
357,(t*(((t>>9)|(t>>13))&15))&129,100
358,((t|7)-9)&(t>>(t&7)),5
359,(t&(t&7))^((t>>5)*5),5
360,(t%7)*((t>>4)>>(((t&6)&4)&(t>>6))),5
361,((t^3)&(t>>2))>>((t>>0)&5),10
362,((t*((t*11)>>6))&((t^9)>>10))%((t>>7)+9),15
363,(t*14)&(((((t*13)>>13)*19)|14)>>(t&14)),35
364,((t&13)*(t>>10))*((t&(t>>((t*8)|10)))|9),50
365,((((t&12)*10)|12)*(t^10))&((t*11)>>10),60
366,(t*(((t>>15)|(t>>8))&85))&111,60
367,((t>>10)*11)*(t&10),65
368,(t&(t*11))&((t>>4)*(t&7)),0
369,(((t%6)>>9)-8)-(t+((t%11)%9)),0
370,t+((t&((t-(t+12))&(t>>10)))&((t^11)%10)),5
371,((t|10)^(t>>(t&7)))^(t>>((t>>8)^8)),5
372,t+(t&((t*(t*8))&(((t>>9)*7)&10))),5
373,(t>>12)+(t^10),5
374,t>>((t&9)%6),5
375,t^((t&2)*(t>>5)),5
376,(t*(((t>>5)|(t>>24))&62))&129,5
377,t*((t%9)/11),10
378,t|(t^((t>>((t&5)*(t>>5)))>>5)),10
379,t>>((t&(t&5))*(((t|(t+4))>>(((t&8)*9)+9))&7)),15
380,(t>>1)*(t>>4),15
381,t>>(t*(t&(t&((t|10)>>8)))),20
382,t|(t>>(((t&5)*1)*5)),20
383,(t|(t-10))+((t|6)>>(t&(t&(t&8)))),20
384,t&(((t>>(t>>(t*(t|6))))&(t>>9))*6),30
385,((t-6)>>7)&(t+((t^3)>>6)),30
386,t*(((t>>9)|(t>>13))&(25&(t>>6))),50
387,t*((t^(t+((t>>15)|1)))^(((t-1280)^t)>>10)),50
388,(t^(t&7))/((t|8)^((t*(t&8))-(t|(t&11)))),65
389,t*(((t>>4)&12)|(((t>>11)&27)^(((t>>9)&14)&(t>>15)))),100
390,t&((t>>(t&5))+(t>>7)),5
391,(t*(t&7))>>(((t&7)|8)%8),5
392,(t|(t%255))|(t%257),20
393,t&((t|(t&9))>>8),25
394,((t&9)|(t>>(t*9)))&(t>>(t&(t>>8))),25
395,(t^6)&(t>>7),30
396,(t&(t|9))^(t|(t>>8)),30
397,t&(t>>8),30
398,((t>>6)&(t*6))^(((t*8)>>(t*6))*(t&(t%10))),35
399,(t/8)*(((t-9)>>10)&(((t%6)^8)>>(t%6))),35
400,((t>>7)|1)&(t*3),40
401,(t>>7)&(t>>((t^8)&9)),40
402,(t>>6)&((t^(t^2))*(t^6)),40
403,t&(((t*9)*10)&((t>>8)-9)),40
404,t>>((t&(t>>12))|((t^15)%12)),45
405,(t*9)&((t>>7)^(t&6)),45
406,(t&(t>>7))&((t*4)*(t&7)),45
407,t*(((t>>12)|(t>>8))&(63&(t>>4))),45
408,(t*((3+(2^((t>>12)&-1)))*(3+(1&(t>>12)))))>>((t>>10)&3),50
409,(t&6)^((t>>7)&(t*6)),60
410,((t*5)&(t>>7))|(t*3)&((t*4)>>10),65
411,((t^6)&((t-9)>>9))*(t>>7),70
412,t*(((t>>7)&10)|(((t>>13)&23)^(((t>>15)&10)&(t>>18)))),90
413,t&((t>>3)>>4),5
414,t&(t>>7),20
415,(t>>(((t*5)+(t|7))&(t>>8)))&(t|(t&6)),25
416,t&(t&((t>>7)|(((t&3)*4)%5))),25
417,t^(t|(t>>7)),30
418,t&((t^6)>>7),30
419,t&((((t*10)&7)%8)|(t>>7)),30
420,(t*6)&((t^8)*((t>>8)*((t>>7)&4))),40
421,t*((t>>(t&((t*9)>>10)))*(t|(t*10))),45
422,(t&9)>>(((t*5)%8)>>((t-6)&(t*(t&6)))),15
423,((t*(t*5))|5)^((((t>>5)*0)-5)+(t>>6)),50
424,((t*15)^(t|((t>>16)*(t^15))))&((t*14)>>((t>>13)^13)),90
425,(t&13)^((((((t-13)&12)>>9)^13)&(t>>12))*11),10
426,(t>>5)>>(((t*3)*6)&(t&(t%5))),30
427,(t^9)>>((t|(t>>9))&((t>>5)>>(t&9))),25
428,((t*5)*9)&(((t*8)>>6)>>((t>>(t^8))*((t&10)&6))),20
429,t|(((t^(t&6))&7)|(t>>5)),20
430,t>>((t>>(((t*9)*10)&((t&10)&(t>>14))))&8),10
431,(((t*(t&7))*5)>>7)>>(t&(((t%1)*8)&(t&(t^5)))),25
432,t>>(((t&((((t&9)^8)^(t>>7))&(t-7)))>>8)+((t*6)%7)),5
433,((t*2)^((t%5)>>6))>>(((t>>8)^5)&(t&(t>>4))),50
434,(t|4)&((t&5)^(((t&4)+(t&1))*(t>>4))),5
435,(((t*8)*(t|9))*10)|((((t>>11)+11)&9)^(t&6)),0
436,((t|(t>>(t&12)))*12)|((t&((t>>(t*9))%11))|(t%9)),35
437,((t>>(t&12))&14)|(((((t*11)>>(t>>10))+(t&12))*10)*11),20
438,t&(((t>>6)&8)&((((t>>8)&(t>>4))*7)*(t%4))),15
439,(t|(t|9))+(((t&(t*(t*(t&(t*6)))))|11)>>7),10
440,t&((((t^(t>>6))&7)*(t>>8))&7),5
441,(t>>5)&(t^((t&(t>>4))*((t^(t>>0))>>((t^6)>>6)))),20
442,(((t+12)>>(t&13))>>(t>>14))^(((t>>12)*13)|10),40
443,(t>>5)*((((t>>7)%3)&5)^((t*5)%3)),5
444,((t&(t>>5))*(t>>5))&((t+4)*((t>>2)^(t*6))),5
445,t-((t^((t*6)>>8))+6),50
446,((t*4)&(t>>4))&((((t*8)*7)^(t>>10))^((t&(t+9))*8)),35
447,((t&(t*5))>>(t&(t*(t>>9))))&(t|(((t%7)-(t|10))*12)),0
448,(t>>5)&(t*(((t>>4)>>(((t-5)&7)^7))^6)),5
449,((((t^((t&(t&12))+10))*11)>>12)*((t&10)|11))*((t*(t^12))>>10),5
450,(t*13)&(((((t&6)&12)*(t>>9))&12)*((t|7)>>10)),35
451,(t*4)&(((t%3)>>(t&2))|(t>>4)),25
452,(t>>3)%((((t*(t%2))*(t>>3))^0)-3),5
453,(t>>8)&((t&((t*3)&10))^(t^7)),35
454,(((t>>8)^6)*7)>>((t*(t>>8))&(t*(t&(t&6)))),10
455,((t>>4)|(((t&3)|(t>>4))>>7))>>(((t*5)&6)&(t&7)),35
456,((t|11)&13)&(t|(t>>13)),0
457,(t>>8)&(t-((t^8)>>((t>>5)*6))),25
458,((t>>4)>>(t+10))+((t>>7)&((t*8)>>9)),0
459,((t/((t^4)|4))%(((t*2)*5)^1))*(t|((t>>5)-4)),10
460,(((t*8)>>7)*(t>>5))^(((t>>4)*5)>>(t&9)),10
461,(t-(((((t&(t*3))^4)*(t|3))&2)^(t&5)))-(t>>7),0
462,(((t>>10)^((t*11)*8))*(t>>12))^(t&(t*9)),15
463,((t-9)>>8)&((t&(t^8))^11),30
464,(((t&1)*1)-(t>>2))+((((t>>3)^1)^(t-(t-2)))*((t&1)>>2)),0
465,(t>>4)&(((t>>5)>>2)^(t|((t*(t|2))+3))),10
466,t>>((t*6)&(((t|(t-6))&6)&7)),10
467,(((t>>1)>>2)|(t>>2))&((t*5)>>7),0
468,(t>>8)&(((t>>11)&(t+(t*10)))|(((t|11)&9)^((t*(t^4))^6))),40
469,(t>>11)^(((t*(t^8))*((t-9)^(t*7)))|((t+9)>>10)),0
470,((((t>>10)-(t^12))%8)&(t>>10))+((t%10)>>(t*(t&6))),35
471,(((t>>7)|7)*((t*9)%8))&(t&9),10
472,((t^7)+((t*7)&8))|((t*7)&(t&(t>>5))),0
473,(t&(((t*7)*2)+((t*3)*5)))|((t+2)>>3),15
474,((t*5)+((t%6)^6))>>((t&7)*((t>>7)&7)),20
475,t&(t>>(((t&1)>>(t>>3))|5)),20
476,((t*9)/(((t>>8)^(((t*(t*10))%8)*7))|11))*(t&9),15
477,t*(((t&6)^((t*((t|(t&6))>>8))|(t*(t>>(t*(t|7))))))&5),10
478,((t*8)%10)>>(t*((t%(t^(t^13)))&(t>>12))),35
479,(t*4)&((t*(t&10))>>8),20
480,((((t-11)|(t^((t>>12)*13)))*(t&13))*10)|(((t&11)&10)>>((t|10)&9)),10
481,t&(((t*5)^(((t*6)&7)*(t*6)))>>5),0
482,(t^(t*3))&(((t>>3)>>1)|4),35
483,(((t>>7)*7)|((t&8)&8))&((((t-7)|8)>>8)&9),10
484,((t*10)+((t^9)*10))*(t&(((t>>11)^12)*(t&(t&12)))),55
485,t+((t&(t*(t%4)))%7),0
486,(t>>3)-(t^((t-4)|5)),5
487,((t&(t>>8))^(t>>5))&(t>>8),30
488,((t|8)>>((t*8)*8))-((t*11)>>(((t&9)*10)&(t*8))),15
489,(((t&(t&5))-4)*(t>>4))>>((((t&(t&10))&6)&8)&6),20
490,((t&(t+2))>>3)&(((t%1)+(t+0))^(t*(t+(t&0)))),5
491,(t^((t>>(t*(((t*5)&6)|7)))*(t&5)))>>(t%4),0
492,((t+1)&((t>>2)^(t>>1)))|(((t|3)*1)*(t%2)),0
493,((t&(((t+2)>>(t*4))-1))^5)>>(t&3),0
494,(t>>(t&(t>>7)))&(t^(t>>(t>>8))),30
495,((t*5)&(t>>7))&(t>>(t%6)),10
496,((((((t*0)*1)>>((t*2)*2))+(t>>1))+3)>>(((t|1)|4)&3))&(t|6),5
497,t&((t^((t|8)>>10))-((t|9)&10)),15
498,(t&(t>>((t>>0)&2)))&(t>>3),5
499,((t>>(t&7))&7)&((t>>8)|(t^(t&6))),5
500,((t*(t*9))>>((t>>8)&10))&(((((t>>9)>>9)^11)|8)^(t>>12)),50
501,((t>>8)*(((t*13)&12)^8))|(((t|10)*((t-12)>>11))*(t*10)),60
502,t&((t%(t+2))&((t>>(t&2))|(t>>((t&3)*2)))),30
503,t^((t*(((t>>6)*3)+7))*((t>>6)&8)),10
504,(t^((t>>6)^7))+(((t*(t&5))&6)^(t>>3)),20
505,(t>>8)-((t|5)|((t&(t*7))>>6)),15
506,((t>>6)&7)*(((t*((t>>8)&9))^(t|(t*5)))&((t%7)+(t>>6))),15
507,((((t>>5)>>5)*6)*6)>>(((t^7)&7)&(t*(t|7))),15
508,t&(((t*(t%8))>>4)>>(t*((t&4)*6))),20
509,(t>>((t&7)*5))*((t&6)*7),10
510,((t|1)&((t+1)|(t>>4)))|((t>>((t*0)^1))>>(t|3)),15
511,(t&((t^(t*6))>>9))^(t+(t&6)),35
512,(t>>6)&(((t>>(t*6))+5)*((t*4)^(t-4))),30
513,(t&(t&4))*((t>>7)>>(t*((t&(t*(t%5)))>>(t>>(t&8))))),5
514,(t^(t*5))|(((t*10)>>7)|((t>>9)&((t+5)>>(t>>4)))),30
515,(t>>((t>>7)&8))*((t&(t^6))|((t&5)>>10)),60
516,(t|12)|((t|12)+(t>>9)),10
517,(t&6)*((t>>5)>>((t%6)&(t*(t>>(t*8))))),5
518,(t^8)-(t>>((t&9)&(t&(t>>10)))),20
519,(t*(((((t&3)-(t>>5))>>5)&2)/2))*(t|6),5
520,((((t%3)-(t^4))>>(t&2))^4)&(t>>5),10
521,(t&12)^(((t>>9)^12)|((((t>>(t>>7))^(t-(t+12)))*(t*11))|10)),20
522,(t>>3)|((((t*3)|4)*((t&1)*(t*3)))|((t>>1)+5)),5
523,(t%7)*((t/11)%(((t|13)+13)|(t>>12))),15
524,t>>(((t*5)*(t&2))|5),0
525,(t|10)-((((t>>9)|12)-10)*10),0
526,(t*1)|(((t>>3)|(t|1))>>(t*(t&3))),5
527,((t>>5)|((t&(t^6))&2))|(t*4),45
528,((t>>3)|((t>>0)*(((t>>2)>>2)*(t&1))))|(t*((t>>3)%4)),20
529,(t^((t*3)|((t>>1)&4)))&((t>>4)-5),15
530,((t%1)*3)-(((t|(t|(t&1)))>>4)|(((t&3)^(t&4))*8)),15
531,((t&((((t^9)&12)>>10)&9))^7)+(t^(t>>10)),25
532,((t-(t>>11))*8)*(t&(t|(t*7))),50
533,t>>(t*((t&4)*((t&(t*4))*3))),10
534,((t^10)|((t>>(t%10))-(t*(t&7))))&((t>>9)&6),10
535,(((t&3)>>3)^((t>>5)^(t%3)))|(t-3),15
536,(t*(t>>6))/((t&(((t^5)*4)&(t>>5)))+7),25
537,((t&8)*(t^6))^((((t*9)&(t>>8))*9)%(t|(t^6))),75
538,((t*9)^6)&(((t-7)>>5)*(((t&10)&5)^(t%6))),15
539,((t&(t|(t^2)))*6)&((((t*4)*9)>>10)^(t&9)),50
540,((t|(t*13))|((t&12)+(t%((t^15)|12))))*((t/13)/(t|11)),5
541,((t+5)+6)&((t>>5)*(t*6)),5
542,((t*9)%8)*(((t>>7)&(t&8))^((t>>6)-9)),25
543,(t+(t&9))>>((t&((t&12)-(t*(t&13))))|8),20
544,(t^8)&(((t>>9)*(t&(t*11)))*8),20
545,((t|7)>>(t&6))>>(((t>>3)>>7)&(t&11)),15
546,(t&10)&((t|(t>>5))*((t+(t>>8))&8)),10
547,((t>>7)^(t|5))&(((t>>4)^(t&((t&6)*5)))&9),10
548,((t-12)*8)^(((t*12)&12)^((t>>10)%10)),5
549,((((t&3)&4)^(t>>(t&4)))*((t*7)^4))%(t|5),10
550,t/(((t*4)&(t&4))|5),0
551,((((t&7)&7)&6)|(t+6))-(t>>8),0
552,(t>>9)|((t|((t%7)>>5))*((t|5)&6)),0
553,(((t>>10)%9)|(t>>(t*10)))*(((t>>8)^9)&((t-12)^((t%8)|(t|11)))),80
554,(t&5)>>((t^(t*3))&(t>>7)),20
555,((t*8)>>6)^(((t|((t|10)%6))>>8)&(t^8)),10
556,(((t+8)+5)>>7)*((t+(t&((t>>6)*6)))/6),25
557,(t+4)&((t>>5)>>3),40
558,(((t&6)>>10)&7)|(((t>>(t>>9))^(t>>11))*(t*(t^9))),40
559,(t&6)>>(t&((((t>>9)*(t>>9))^(t>>(t*((t|5)^6))))>>8)),50
560,(t*((t^9)|(t%8)))&((t>>9)&7),35
561,((t>>5)>>(t&6))>>((t>>10)&7),65
562,((t>>10)>>(t&(t>>10)))>>((t*(t>>(t*9)))&8),70
563,(t^(t|((t^(t^3))&0)))-((t*-1)^((t>>2)>>(t&3))),5
564,(((((t&4)-(t*0))>>3)&(t^6))-(t>>4))+(t+(t&1)),0
565,((t&8)>>11)^(((t-(t&11))*10)*(t&(t>>10))),90
566,(t>>(t&3))&(((t^5)&(t|5))^(t>>9)),10
567,(t%(t+5))*((t|6)*(((t>>3)>>6)*9)),65
568,(((t^13)*((t+10)|12))|((t>>(t%8))>>10))&((t*8)>>11),25
569,((t>>3)|(t*7))-(((t*5)&8)&(t&5)),15
570,((t>>(t&7))>>4)&(((t&3)&3)*((t>>(t&6))>>5)),15
571,(t>>6)*((((t|6)%7)-6)&((t%4)|0)),50
572,(((t^4)*1)>>(((t^4)&1)^3))^((t>>4)>>((t&3)>>(t%3))),15
573,(t*(t>>10))*((t^((t&8)>>9))|((t&5)>>10)),90
574,((t>>(t*((t>>16)>>12)))%12)*(((t|12)>>11)+11),35
575,((t-9)>>6)>>((t>>9)&(((t*9)^(t*(t>>8)))>>11)),10
576,(t>>6)*((t+5)&(t>>(t&(((t&11)>>(t+9))&8)))),15
577,(((t>>6)*7)>>3)^((((t>>7)^6)*(t&(t&8)))*(t*(t^4))),5
578,(((t^((t*6)|7))*8)%(((t/4)*6)-7))*(t^(t|(t|8))),25
579,(t^((t>>(t%8))|(t^8)))|((t^8)&((t|11)&(t>>12))),0
580,t>>(((t*((t&(t^9))|12))|(t>>9))&((t&10)|12)),35
581,(t>>5)&((t%10)*(t>>(t%11))),20
582,((t*(t^-1))-((t|2)>>(t^0)))|(((t&-1)>>0)>>3),5
583,(t|5)-((t>>(t%7))&((t-5)&8)),0
584,(((t>>9)^7)>>(t%9))^(((t|(t&7))>>((t|10)>>7))>>9),10
585,((t&6)*(t>>6))|(((t>>5)^5)*((t>>4)&7)),20
586,(((t&(t+4))&(t>>3))|(t&(t*(t*5))))^(t>>5),10
587,(t>>7)&((((t>>7)*7)*((t&8)|(t|(t|2))))-(t&9)),35
588,t*((t^(t*9))*((t>>11)^12)),80
589,((((t^8)*(t^10))&(t|6))>>8)^((t-(t>>8))-9),25
590,t>>((t&(t%8))>>(t&(t>>7))),20
591,(t^10)&((((t^10)>>10)^((t*10)*(t>>8)))&(t>>8)),55
592,t-(((t|(t&14))/12)*(((t>>12)*12)>>((t&12)*12))),25
593,(((t*6)>>(t&3))^2)&(t>>5),25
594,t^(t&(t>>((((t&(t>>8))%9)&7)&((t-9)-10)))),35
595,((t*1)>>5)&(t&((t>>2)>>2)),5
596,((t>>5)>>(t&4))^(t|(t^5)),35
597,(t*7)>>((t>>7)*(t&(t>>(t&7)))),5
598,(((t|(t*11))&7)|((t&12)-(t|10)))*(t|((t>>8)*9)),5
599,(t>>(((t^4)*(t>>5))&(t>>7)))-(((t>>7)&5)|8),15
600,(t*(t^8))&(((t^(t|(t*2)))>>4)-4),10
601,(t&(t&10))*(((t>>9)&5)&(t*5)),15
602,t&(((t*(t>>7))>>((t&(t|8))&((t&9)>>12)))-(t-(t>>6))),15
603,t&((t>>(t+5))^(t*(t>>6))),15
604,t*((((t^5)>>6)|(t&9))&((t*8)>>((t^7)&8))),20
605,(t*10)>>((t*(t>>6))&(t>>((t>>8)&(t&10)))),5
606,(t>>(t&5))&(t>>((((t^4)%4)^2)*3)),15
607,t+(((t+(t^4))&(t*7))&((t&(t*6))>>7)),20
608,((t&9)*((t>>9)&5))&(((t|10)-8)|((t>>(t>>12))^((t|10)^9))),20
609,(((((t>>2)*6)+7)&(t^4))>>((t%8)>>2))/(t|5),10
610,(t>>(t>>11))+(((t*(t%9))>>13)|(((t>>10)&12)|(t>>12))),15
611,(((t|5)&8)*(t+8))|(((t*6)&9)*(t>>7)),30
612,((t^12)*14)>>(((t>>(t&13))&12)^((t+12)&12)),5
613,((t&6)*9)^(((t>>11)^(t>>((t^8)+8)))&((t&6)&(t*5))),0
614,t^(t>>(t&((t*(t*5))&(t>>6)))),5
615,(t>>(t&(t*((t>>6)*6))))*((t^3)-(t>>8)),5
616,(t&(t>>7))&(t|(t&((t>>8)^(t&8)))),35
617,(t*4)>>((((t>>3)|2)&(t*4))*(t*(t&6))),5
618,((t&(t%2))*5)|((t>>1)>>(t&7)),20
619,(t>>(t&5))&((t>>4)*6),5
620,(t&(t>>9))*((t*10)%11),25
621,(t&7)&((t|8)%(((t|7)>>9)|8)),5
622,((t%6)^10)+((((t&10)*(t>>8))&(t>>8))>>8),0
623,(t&((t&7)&10))*((t>>9)*((t&(t|5))*7)),30
624,(((t%7)&8)>>((t*4)*7))|((t|5)*((t>>5)|(t>>4))),10
625,(t|(((t^7)*6)|(t|6)))&(t>>7),25
626,t-(((t*6)*(t>>8))&(((t|2)>>5)^(t*(t^7)))),10
627,((t^(t%2))>>5)|((t-((t>>5)&(t&2)))*6),30
628,((t&(t%8))&(t*9))&(t&(t>>((t&9)%(t|8)))),30
629,(((t>>8)|((t%10)%11))|6)>>(((t>>7)*(t^12))&9),25
630,t|((t^(t>>6))>>(((t|4)>>7)&(t*4))),25
631,(t>>10)*((t&11)^(((t>>9)*10)>>(t|14))),25
632,(t&(t>>5))^(t>>((((t*-1)&(t|2))>>3)>>(t+(t%-1)))),15
633,(t&6)*(((t&2)|(t&7))|((t&(t*10))>>7)),0
634,((t&7)>>(t%9))*(t/10),5
635,((t|(t&2))&2)+((((t*(t*2))&(t*4))>>5)-4),15
636,((((t|6)>>5)^6)*5)|((t>>5)&((t&(t&3))>>7)),0
637,(((t&5)|4)*(((t*6)>>5)|2))|(((t%4)>>8)*4),0
638,((t^(t|6))^((t>>8)|(t*5)))*((t>>7)^5),30
639,(((t|6)*(t>>11))*7)^((t^8)>>10),40
640,((t-((t*5)+(t|((t|4)>>1))))^5)&((t>>(t&3))^5),0
641,(((t^12)&10)^14)>>((((t>>10)&9)*(t&(t^9)))&(t&10)),20
642,(t>>8)&((t|13)>>(t>>(((t*11)>>12)*13))),30
643,((t>>3)&((t*(t*1))|3))|(t&(t*3)),15
644,((t*5)*((t*6)*2))|(t>>7),35
645,(t>>((t*4)&(t^4)))|((t|5)^(t*3)),25
646,(t>>5)^(((((t>>2)>>6)&6)&(t*5))*(t^(((t&3)>>5)|4))),35
647,((t^(t>>(t&6)))>>5)*(((t%4)|7)^6),5
648,(((t>>9)*(((t%11)&10)^9))&11)*((t|12)&((t&14)&11)),25
649,(t|2)&(t^(((t&6)^(t^3))>>5)),5
650,((t>>6)*((t&2)|(t>>7)))-(t&(((t%1)&3)>>(t^6))),5
651,(t&((t*9)&(t>>7)))*(((t>>(t&10))&12)&(t|9)),30
652,((t>>4)>>((t*(t-1))&3))>>((t&4)*3),5
653,t*(((((t*10)*9)*(t&10))*(t>>(t^(t|8))))&11),5
654,((t&6)*((t*4)>>9))%(t+9),10
655,(((t>>(t>>6))|(t*7))>>7)&(((t+(t&4))>>3)*(t&(t>>6))),5
656,((t*14)&13)>>(((t*15)*(t>>17))&((t*11)>>10)),0
657,t|((((t*0)*2)^(t>>5))+(t>>(t*(t>>1)))),10
658,(((t>>5)%2)&3)|((((t^3)>>5)^(((t*5)&(t|8))&3))*4),0
659,(t-8)&((t^7)>>8),25
660,t|((t+(t*(t+(t*9))))>>(((t>>(t&3))&6)|7)),5
661,(t-(t>>4))-(((t*(t^1))>>(t>>(t|4)))&(t&4)),0
662,(t>>4)>>((t%3)*(((t&5)|5)^(t>>6))),5
663,t^((t*(t*4))>>((((t&(t*6))*((t*8)>>4))>>11)&((t>>6)*((t>>7)>>7)))),10
664,(t>>8)&(t|7),35
665,t^((t>>(t&((t&9)&((t&6)>>(t*6)))))|(t>>5)),10
666,((((t|10)&13)^13)^((t%8)|(t*13)))>>(((t%8)*12)&11),5
667,t|((t*2)*((t>>7)&((t^(t>>5))^(t%2)))),15
668,t&((((t>>5)|(((t>>(t-0))^3)>>(t+3)))|2)>>3),20
669,(t>>5)>>(((t*3)^(((t*5)*4)&4))>>((t&8)|(t*(t&4)))),5
670,(t&8)-((t|10)*((((t|9)>>(t&7))*8)&((t>>6)|5))),40
671,(t%((t>>7)|8))&((t>>5)>>(((t&7)^8)&(t-3))),30
672,(t>>8)&(t+(((t|2)&(t^5))&(t%4))),15
673,((t|7)&10)*((t^(t>>10))>>((t%8)+8)),5
674,t*((t/8)+(t>>((((t&5)+6)+((t%6)*9))|(t*8)))),5
675,(((t>>6)*(t&4))|6)*(t&((t|(t^7))>>6)),15
676,t-(((((t^5)^2)>>1)+(t>>3))&((((t*5)*4)*4)&((t>>6)*3))),5
677,((t%5)^5)&(((t^6)>>8)|(t&(t>>(t>>8)))),5
678,t>>((t&6)&((((t-13)-12)&(t&10))+((t>>11)+11))),20
679,t>>((t*3)>>(((t*3)&(t-3))&(t*2))),25
680,t|((((t>>6)+11)|6)|((t&8)|7)),30
681,(t*((t>>7)*2))^((t>>(t>>6))*(t&(t^(t*2)))),20
682,(((t&6)&1)*(t|5))|((t*3)&(t>>4)),15
683,((t&5)&((t^7)*8))^((t*6)&(t&(t>>8))),40
684,((t>>8)|((t&1)|2))*((t|3)^(((t|5)|3)^5)),25
685,((t&0)^(t>>7))*(t&(((t>>6)*3)^(t>>(t^(t|4))))),5
686,(t>>6)&((t*7)&((t|((t%3)%6))*6)),20
687,t-((t|((t&6)&((t>>11)>>11)))^(t>>8)),40
688,(((t>>8)|8)*7)*((t*6)&7),10
689,(t&(t&12))+((t*(((t^(t+9))>>10)*11))*10),0
690,(t>>((t%9)&5))+(((t>>7)|(t*6))*8),25
691,(((t*8)+(t^(t^7)))>>7)|((t+((t%8)>>8))+(t&(t^7))),10
692,(((t>>5)|4)>>(t&9))+(t>>(t*(((t>>3)*((t>>5)*2))*5))),5
693,((t%6)^(t>>9))*(((t*6)>>8)*9),5
694,((((t>>12)*(t*11))&9)^(t&(t%10)))*(t&(t>>10)),35
695,(t>>10)*((((t*5)&10)>>(t&7))+8),35
696,(t>>4)>>(((t>>(t&6))|(t%7))&(t&((t&7)|(t>>7)))),15
697,(t+(((t*(t^7))|9)|7))^(((t>>7)*6)+(t&5)),5
698,(t^((t>>7)*8))^(t&(((t*(t|13))*14)>>11)),10
699,((t+8)>>6)*((((t>>4)>>5)&7)*(((t>>9)*6)&4)),5
700,((((t*9)*7)*(t>>9))*8)*((t>>7)^(t*8)),15
701,(t&((t*6)*6))&(((t*7)^(t-6))>>8),20
702,((t*(t&6))*((t|3)&6))&((t^6)>>(t^(t^5))),25
703,t*(((t-(t|11))>>(((t>>9)*7)&10))>>(t>>((t>>10)*10))),5
704,((t>>12)-(t*11))>>(((t>>9)^(t&8))^(t>>9)),10
705,(t>>3)>>((((t>>4)^(t>>6))|3)&((t*4)*(t&(t&4)))),15
706,(((t*(t&(t^7)))>>(((t%8)&6)*7))&5)|(t>>(t*6)),20
707,((t>>10)*4)&((((t&6)&6)>>(t*8))^(t^9)),30
708,(t&10)*((t&6)>>(t>>(t&(t*9)))),0
709,(t>>(t^(t|(t^4))))&((t&(t>>3))&(t+7)),25
710,(t>>9)*((((t*13)>>7)|(t|10))*10),5
711,t&(((t|5)&(t>>7))^(((t>>3)|4)>>(t*4))),25
712,t*(((t&10)&(t>>9))&11),35
713,(t|2)>>(((t%5)>>(t&6))^4),25
714,(t&(t&9))*((((t%11)|5)&(t>>9))^8),20
715,t-((t&(t&(t>>3)))^((t%8)|(((t%2)*8)>>(t&7)))),10
716,(t>>7)+(((t*8)&(t^9))&(t>>7)),35
717,((t>>8)*(t|6))|(t|((t>>(t&9))>>(t>>7))),25
718,t>>((t&(t*7))&4),5
719,t|(((t>>5)*(((t>>7)&8)&8))>>((((t^8)*4)>>3)%8)),10
720,((t*(t&6))&8)^(((t^((t^4)>>8))&8)*9),0
721,t&((((t&(t>>4))|2)&((t>>2)>>5))-8),15
722,(t^10)|((t-9)>>(t&((t-11)>>(t&12)))),10
723,t+((((t|5)>>3)|((t*4)>>(t|3)))*(((t>>2)|(t-7))>>5)),15
724,(((t*10)^12)*12)^(((t&((t|13)>>9))^11)&10),0
725,(((t|1)*(t>>1))&2)*((t>>2)>>3),5
726,(((t>>5)>>(t>>(t*(t^4))))-(t%1))|(t^(t&5)),20
727,(t|(t>>9))>>(((t>>7)>>9)&(t|((t>>8)*4))),25
728,(t&(t*6))^(((t>>9)|(t^10))+11),10
729,(t*1)&(((t*(t>>(t^(t+5))))&((t>>5)&3))*(((t^5)%4)%5)),25
730,(((t>>7)*10)&(t%7))+(t>>((t>>(t>>9))*(t*6))),5
731,((t*(t^((t>>(t>>8))>>11)))*10)*((t&11)&(t>>9)),25
732,(t&7)*(((t>>8)&(t^5))>>(((((t%5)|8)&9)>>((t+2)*3))&4)),40
733,((t&7)+(t>>2))>>((t&(t|2))>>(t*(t*3))),5
734,((t>>((t>>5)>>7))&(t>>7))^((t>>7)>>((t>>9)&(t*6))),35
735,((t>>(t>>(t&6)))>>(t+(t>>3)))^((t>>7)&11),0
736,(t&6)*((t>>7)>>((((t&7)^7)>>6)*((t*2)-5))),10
737,((t>>10)%7)*(((t&9)^((t*8)*(t&5)))|8),35
738,((t|(t>>8))&9)|((t^(((t^9)^10)*8))>>(t^9)),5
739,(t>>(((t*11)>>12)&7))>>(t&(t>>(t^11))),0
740,((t>>7)&(t&(t^7)))^((t>>7)&(t^9)),5
741,((t*4)*(t|(((((t>>6)>>(t%6))&6)^(t*9))>>(t>>1))))&(t>>5),35
742,(t&(t>>7))^((((t&9)>>(t*9))>>10)>>((t|3)+(t^9))),35
743,((t|8)-5)>>(((t>>8)&8)+((t-9)&9)),5
744,(t>>7)*((((t-5)>>((t>>10)>>4))*5)>>(t*((t^4)&6))),10
745,(((t>>7)-((t&3)>>6))|(t&5))&((t&5)*(t*4)),35
746,((t^4)%3)*(((t+2)&((t&(t^(t*4)))>>2))>>5),0
747,(t*6)&((t>>6)&(t&((t>>7)>>(t&(t%6))))),25
748,(t&9)*((t&7)^((t-9)*((t>>11)*8))),20
749,(t>>5)&(((t*4)|(t-(t*((t&3)^(((t>>7)>>(t|5))*5)))))>>(t*((t&3)>>5))),20
750,((t-2)>>4)+((t^5)>>(t*((t&(t|1))>>(t*(t^4))))),0
751,(t*4)|((t&1)*(t>>((t&3)*7))),15
752,((t>>10)|11)*(((t*8)^8)*(((t+8)&11)*(t>>10))),40
753,((t>>8)^(((t|11)|6)*(t*5)))&((t^(t|5))*7),20
754,((t&(t*3))^(t&3))^(((t^3)>>7)*(t^4)),25
755,(t*4)&((t>>8)>>(((t&7)*6)>>(t*6))),40
756,((t/9)-(t>>(t%5)))-((((t>>(t>>7))+8)>>(t*6))>>8),5
757,(((t>>9)^10)&((t%11)^9))&(t&10),40
758,(t&(((t>>6)|10)|((t-11)&8)))*((t&12)>>((t^14)&10)),20
759,(t^7)^(t&((t&(t|9))>>5)),10
760,(((t>>2)>>5)&(t>>3))>>((t&(t>>5))&((t&3)&3)),30
761,(t*-6)^(t>>(t&((t*-4)*(t*-6)))),5
762,((t*7)&((t&(t^8))>>7))*((((t*6)>>8)&8)*(t*9)),15
763,((t&1)*(t>>2))-(((t&(t>>3))>>(t&-1))^5),5
764,(t>>7)&((t&(t>>9))&((t&7)&(t*7))),20
765,t^((t>>7)&((t-((t*(t*4))*(t^1)))-(t&5))),20
766,(((t>>12)*(t^9))&7)-(((t&11)*(t*(t*(t|7))))&11),5
767,(t>>7)&(((t^10)|((t*10)>>9))^11),30
768,((t-(t|7))>>(((t^(t*13))>>(t|9))&9))|(((t>>6)%10)|10),0
769,((t*(t&(t>>2)))&(t>>4))^(t>>((t>>4)&9)),5
770,(t>>3)&((t|5)>>((t|(t>>3))&(t&6))),5
771,t&((t&(t+5))>>((((t*-1)&1)|(((t-2)&0)^5))+3)),30
772,((t*11)&(((t&9)-7)&11))|((t>>7)>>((t&6)*((t&6)*7))),10
773,((t*5)*(t*3))&(((t>>8)^(t%10))|5),35
774,(((t%10)*11)>>((t|(t&7))>>(t|10)))&(((t*10)>>10)|11),40
775,(t&4)+(((t&7)^6)^((t>>3)+1)),0
776,(t*7)>>((((t*5)&((t&9)>>(t>>(t|8))))*(t&7))^8),5
777,(((t&5)>>1)*(t^(t>>((t&3)+3))))>>((((t%1)|0)*1)*8),10
778,((t&((((t|5)&7)&10)*6))*(t&7))-((t>>4)>>9),0
779,(t>>10)*((t^((t-11)*9))-7),60
780,(t*10)^(((((t+7)&4)&7)*(t>>6))>>((t%7)&((t*9)*10))),15
781,(((t%4)*(t&6))*9)*(((t>>11)|(t&8))&(t*(t&6))),25
782,((t*(t&6))*8)|(((t&7)*(t>>7))|8),15
783,(t&9)|((((t|10)>>8)&7)+9),5
784,((t*(t>>7))*(t>>9))&(t&(t&7)),10
785,(t-11)%(((t&(t*9))|9)|(((t*10)%13)>>(t*11))),5
786,((t>>9)&((t%8)&7))&(((t|7)^7)>>(t&6)),25
787,(t&4)^(((t+8)&(t*(t&9)))>>(((t&4)&8)^7)),25
788,((t>>7)&11)^(((t|5)^(t*7))&((t>>7)|7)),35
789,((t^(t>>9))&12)&(t^((t>>14)&((t&10)|12))),30
790,t-(((t/5)*1)*4),0
791,(t&3)^(((t&(t>>6))^(t+5))&(t>>5)),15
792,(((t*7)&7)|((t*7)>>9))&(((t^4)*10)*(t^10)),25
793,((t&14)&14)|((t>>13)&11),15
794,(t&(((t*(t%7))>>4)|(t&5)))&(((t*5)>>3)^(t&4)),0
795,(t^(t&((t*3)>>4)))>>(((t|6)*((t|6)-6))%6),5
796,(t^6)/(((t+5)*(t>>(t|(((t+(t>>6))>>7)^2))))|5),0
797,(t|(t>>11))&((t*9)+(((t*10)*9)*(t>>10))),20
798,((t-((t%12)*14))>>((t&10)*9))*((t>>9)-11),10
799,(t&(t^7))|(((t-5)>>((t&6)^7))>>(t&(t*8))),10
800,t&(((((t^(t&(((t*12)*8)-7)))-7)|(t>>11))>>10)-10),10
801,t>>((t&3)>>((((t&4)&1)&((t>>(t>>3))>>4))*(t>>3))),0
802,((t*9)&12)*((t|9)*((t&(t>>8))*((t&(t*12))&9))),5
803,(t>>8)&((t+(t&(t+6)))^(t&6)),30
804,((t|6)|((t*3)*1))|(((t^4)>>((t-0)&3))>>4),15
805,(((t*(t&3))>>(t&5))-((t>>2)>>3))&((t>>6)*4),15
806,t*(((((t>>10)*11)&(t&9))>>((t>>11)>>(t^(t>>11))))*((t-11)|9)),55
807,(t>>7)&((t*(t|5))^(t&(t&6))),15
808,(t|0)*(((t|3)&5)/(t+(((t*-1)^5)^(t|3)))),0
809,((t>>7)&9)^((t&7)>>((t*6)|7)),0
810,(t&8)|((((t>>11)%8)&12)+((t&8)&10)),10
811,(t>>7)&((t>>11)^((t*10)&(((t^10)|11)|11))),25
812,(((t^6)*11)+8)>>((t|7)&9),15
813,(((t*10)>>9)^6)&(((t>>7)*7)&(t*5)),35
814,t&(((t|5)^((t>>5)>>7))&(((t&3)&4)|5)),15
815,((t&10)&8)&((t&12)*((t>>12)^((t>>10)&11))),40
816,((t+0)|(t>>5))>>((t>>((t>>4)&((t+1)|(t+1))))&3),30
817,t>>((t^0)>>((((t>>0)&(t^0))*(t|2))&(t+0))),0
818,(((t&12)*(t^14))&11)+(t>>((t+10)&12)),10
819,((t%6)&((((t^(t*2))&4)%2)^5))*((t>>(t%4))>>6),25
820,t>>(((t*4)>>(t&3))>>(((t|3)|4)&((t>>5)&(t>>3)))),25
821,(t>>8)&((t+((t&(t|6))>>6))|((((t*3)>>6)|7)*8)),15
822,(t&(t>>5))-((t>>(t&2))>>(t>>1)),20
823,(((t>>8)*6)%9)-((t&9)*8),0
824,(((t*(t*9))>>(t*13))^14)|(t&(((t&9)|(t>>8))|8)),45
825,(((t>>10)*(t&10))&6)&(t&((t|7)|4)),30
826,((t^4)>>(t&4))^(t>>((t%2)%7)),0
827,((t&(((t-8)>>(t&12))-(t|12)))&((t*9)>>9))&((t|8)|(t|9)),15
828,t|(((t^13)*((t>>11)*(t>>9)))*11),15
829,t&(((t>>4)&(((t^5)*(t*5))|3))+(t>>6)),0
830,(((t*7)>>(t|12))+(t>>7))&(((t*(t|4))^(t^8))^(t&9)),30
831,((t%13)&(t&7))&((t>>(t&(t&9)))*9),15
832,(t+10)|((t+((t>>11)&9))-(((t^(t-11))*10)>>9)),20
833,(t^(t^(((t&0)*5)^3)))^((t>>4)&((t*2)*3)),25
834,t|(((t>>2)>>(t&1))|(t&(t&(t*0)))),10
835,(t>>(t^(t^5)))&((t-6)^(((t>>6)>>6)>>7)),5
836,((t>>((t>>14)&(t>>14)))*(t&12))|(t&(t>>11)),25
837,((t|11)>>10)*(((t>>5)>>3)>>(t&7)),10
838,(t|9)-(((((t>>8)*4)%12)|(t*6))/10),0
839,(((t>>3)|((t|2)^4))>>(t%4))|((t^4)+(t^2)),30
840,((t>>3)&6)^(t&(t>>5)),20
841,(t>>(t&(t>>12)))^((t>>10)&(t&((t*9)>>10))),35
842,((((t*6)%5)-((t^(t*6))*3))>>7)|(t^((t>>6)|8)),5
843,(((t^8)>>6)>>7)^(t>>(((t>>6)|9)&((t%7)*8))),10
844,((t>>9)&(t^3))*((((t%7)>>7)+6)*(t>>3)),20
845,(t*8)>>(((t>>8)%7)|(((t>>7)|(t>>9))&((t&8)%10))),20
846,t>>((t*((t>>5)&(t*(t^5))))^((t&5)>>6)),15
847,(t*((t>>9)*5))&((t>>5)|((((t&(t>>7))>>11)|((t|6)-4))&6)),35
848,(t&8)&(((t*10)&(((t*6)+(t&9))>>((t*8)>>(t^5))))>>(t&(t&10))),5
849,(t+9)&((t>>(t&(t>>8)))>>((((t*8)|(t^(t>>12)))^(t&9))&8)),30
850,(((t*8)^8)>>9)&(((t-10)^9)*((t*9)-9)),25
851,t>>(t&(((t>>4)*2)*(t-(t>>3)))),0
852,(t>>6)&((t>>6)^(t|((t>>7)>>((t&7)>>2)))),35
853,(((t*(t|(t+10)))&12)*13)-(((t*10)>>8)|((t*10)&(t>>8))),30
854,((t&(t>>10))-(t&6))^(((t%7)&10)&(t^7)),60
855,((t&4)^(t-(t|7)))|((t>>7)|(((t>>(t&8))>>7)&(t*(t^6)))),10
856,(t*(t&8))>>(((t*7)%6)|8),10
857,(t>>(t&7))&(((t^4)|(t&3))>>((t>>7)&9)),10
858,((t&((t*2)^(t^4)))|(((t^-2)+((t|1)^0))^((t>>3)|0)))&(t|4),0
859,(t*10)/(((((t>>(t&(t*8)))*(t&5))&(t^(t>>7)))&9)^7),0
860,((t|12)&((t&7)>>(t&(t>>8))))|(((t*(t&10))>>10)>>11),55
861,((t>>(t&(t&3)))>>6)&((t*5)^(t>>6)),35
862,(t&(t>>6))^(((t|(t|(t>>4)))&(t>>4))|(t*5)),70
863,((t>>10)>>(t&10))-(((t>>10)>>(t&13))|(t>>7)),20
864,t>>(((((t^5)*(t*5))&(t&5))>>5)|((t*4)&7)),0
865,((((((t*13)>>11)*(t>>13))*(t^12))+10)&11)|((t>>(t*11))&10),40
866,((t-(t&5))^(t|(t+(t&11))))^((t-7)>>(t&(t>>7))),20
867,(t>>8)^(((t>>6)-(t&8))>>(((t>>(((t>>6)%9)^3))>>6)%(t|8))),0
868,(((t&9)>>9)>>11)^(((t&(t>>(t+10)))|10)^((t%10)&((t>>9)^14))),35
869,((t>>6)^9)&(((t>>9)>>9)^(t^(t^(t*9)))),30
870,t&(((t&9)^6)-((t>>7)|((t*8)^(t*8)))),30
871,(t>>5)&((t*2)>>((t>>2)&3)),5
872,(t|1)&(((t>>1)-((t|2)+0))>>(t&2)),0
873,((((t*6)>>6)|8)>>9)+((t*(t&9))%7),0
874,(t>>(t&7))&(((t>>6)>>((t&6)&6))|(t*10)),5
875,(t^11)>>(((t|8)^(t%(t|6)))*((t+5)&(t>>9))),15
876,((t>>(t&3))+4)^(((t>>3)>>((t>>(t*7))&6))>>((t&3)>>3)),0
877,(t>>(t>>(t+4)))^((t&7)*(t|(t>>5))),25
878,((t&(t+3))+(((t&(t^3))&7)*6))>>(t&5),5
879,(t|8)&(((t>>8)&((t%9)-9))*9),15
880,(((t>>4)>>5)&5)|(((t&(t&6))+7)&(((t>>3)&(t*5))*5)),15
881,(t&4)+((t|((t&5)|(t>>1)))>>3),10
882,(t&(((t>>9)&11)%10))&(((t*6)^10)%(t|4)),45
883,(t-3)&(((t*((t&(t>>(t^4)))>>(t*2)))>>5)|(t>>7)),25
884,(t|4)*((t-(t>>5))>>3),10
885,((t*5)&(t>>7))/(((t-(t*4))|5)^(t^(t*5))),25
886,(((t^3)+(t*3))*6)&(((t*2)>>6)^7),20
887,((t|8)*9)&((t>>(((t>>9)|(t&9))%5))>>9),25
888,((((t&5)+(t*7))>>5)^((t&7)&((t&5)*3)))-(t>>6),5
889,t>>(t&(((t>>2)*(t>>5))*5)),0
890,t|(((t|8)*10)&(((t>>7)^(t&6))-10)),30
891,t&((t&5)^(t>>(t&4))),15
892,(t-(t*14))&((t&12)&((t&10)^((t*(t&12))>>11))),35
893,(t|(t>>4))|(((t^3)^(t%5))-(t^(t&3))),20
894,(((t&7)&(t|6))%8)>>(t*(t&(((t|7)%7)*(t>>(t&8))))),5
895,t&(((t*3)>>8)&((t>>5)^(t*3))),10
896,(t*(t>>6))^((t^6)&(t+(t^7))),20
897,t+((((t>>9)+((t>>10)|11))*(t*8))&9),5
898,((t%9)*((t&10)>>11))|((((t^12)^(t>>11))>>10)*(t&10)),30
899,(t|4)>>((((t>>4)-(t+(t%9)))-9)&(t>>8)),35
900,(t&(t*((t*6)&(((t&9)>>(t*7))|5))))+(t^(t>>6)),15
901,((t*6)|8)&((t>>6)|((t|((t>>4)+8))>>((t|7)^8))),45
902,((t*(t*(t>>9)))&5)&(((t*6)^5)*(t&(t&6))),40
903,((t|(t|6))-(t*10))*((((t|10)>>10)+13)&9),35
904,(t-8)>>(((((t+9)>>8)+(t&4))&7)|(t>>(t>>7))),10
905,(t*3)>>((t*((t+3)*(t*4)))&((t%(t|1))>>8)),10
906,(t*((t>>9)^(t&8)))&((t%7)>>(t&4)),10
907,(t>>4)&((t^((t|2)*(t&(t>>0))))-(t&(t|0))),15
908,(((t^2)+3)&(t*(t>>2)))>>(t&(t&4)),30
909,(t|(((t|(t>>4))^2)|((t>>7)>>7)))|((t%7)&(t>>7)),20
910,((t^2)>>4)*((t>>4)|(((t^5)>>6)|((t|4)-(t>>3)))),20
911,t&(t>>((t-((t&7)|4))&4)),15
912,(t>>7)&((t|9)&((t&10)|(((t*8)>>10)>>5))),45
913,t^(((t-4)>>6)|((t>>(t&2))+(t%((t*5)^4)))),10
914,((t*6)*((t>>6)>>(t*5)))^((t^0)*((t^4)>>6)),20
915,(((t>>4)*8)-(t^(t&5)))%(t^(t+9)),0
916,(t+11)-((t>>(t&8))>>8),0
917,(t&(((t|7)>>9)*9))*(t*(t>>(t&(t>>7)))),35
918,((t^9)-(t>>(t^6)))>>((((t^8)*8)&11)^10),0
919,(t&(t*8))-(t>>(t&8)),15
920,(((t>>8)|7)%(t|(t^9)))>>((t+5)&5),0
921,((t-(t|6))>>9)*((t^(t*7))&(t>>7)),60
922,t+(((t>>8)&12)*((t^10)/9)),50
923,(t*(((t>>11)>>((t*9)&12))&11))+((t&((t>>9)^8))|11),35
924,(((t>>8)&6)*(t>>8))|(t>>((t|7)|7)),0
925,((t&11)*10)*((t>>((((t*14)&10)^10)&8))&(t^(t|11))),15
926,((t|7)&7)*((((t&(t|(t&7)))>>8)%7)*6),0
927,(t&(t^0))|(t%((((t-(t>>2))^3)|3)+((t&4)^(t>>3)))),10
928,((t^(t&6))*((t*10)*(t>>10)))&((t>>9)|((t^9)&(t|7))),35
929,(t>>((t&7)%4))-((t>>(t|(t&5)))&(t|3)),0
930,(t>>6)&(t>>5),0
931,(t-((t>>(t^(t&(t>>9))))|((t|10)+10)))%(((t>>10)|10)/9),20
932,((t&(t-5))^((t%7)^(t>>((t>>7)*(t&6)))))>>((t&9)|9),0
933,t|(((t|5)^((((t*(t|4))>>6)&3)+7))>>5),15
934,(t&11)|((t>>(((t|4)>>9)*7))^(t>>((t|8)%6))),10
935,((t|6)&(t*5))>>((((t|4)*6)*2)&((t>>(t&2))*3)),15
936,((t>>9)^(((t>>11)*10)%11))*(t&(t&10)),35
937,(t|3)>>((t&3)&(t|5)),0
938,t&((t*8)*((t%9)>>(t&11))),0
939,((t>>8)*((t*2)^2))-((t&(t>>4))^6),35
940,(t|8)>>((((t^14)^13)&7)+(t&(t>>(t*12)))),0
941,((t&(t|4))*((t|5)>>6))>>(((t&3)*7)>>7),20
942,((t>>5)&(t+(t*9)))^((t>>7)^(t&8)),45
943,((((t-3)*6)%7)*(t>>4))>>((t&5)&5),10
944,t>>(((t>>((t&(t>>2))*1))*((t+(t>>2))&4))|(t&2)),10
945,(t&(t>>8))%((t&7)^((t&10)|12)),50
946,t&(((t|2)*(t*(t^5)))&(t-(t>>4))),10
947,t+((((t|7)%9)^(t|(t%5)))-7),0
948,((t^7)&8)>>(((t>>7)&(t|4))&11),5
949,(t^(t>>((t&10)&9)))-((t&10)&((t-10)*((t-9)*(t*9)))),0
950,(t>>5)&(((t&9)^(t*((t*6)>>4)))&((t|7)|(t^(t>>7)))),5
951,(t>>5)&(t>>(t*(((t>>5)&(t>>8))>>(t*4)))),15
952,(t>>4)*((((t|5)>>8)*(t&(t|5)))&((t|7)&4)),10
953,(t*(t>>6))>>((t%8)>>(t>>4)),20
954,(t|3)^(((t|0)*(t|((t-(t^3))&4)))>>7),40
955,(t*12)>>((t>>13)^(t-(t&((t+14)^15)))),15
956,(t|(t>>8))*((t>>7)&(t>>7)),25
957,(t>>(t%7))^(t^(((t+6)|((t+8)|(t&5)))|9)),0
958,((t>>11)*(t|7))^((t>>(t&(t&12)))&10),25
959,(t>>5)&((t-(t|4))>>(t*((((t%3)*0)&5)%1))),0
960,(t>>5)|((((t*9)^4)+(t|5))|(t|8)),50
961,t|((t>>6)*((t|2)&((t*4)&(t|6)))),0
962,(t-3)>>(t&((t>>3)*(t*(t>>5)))),5
963,t%(((t&(t^4))|5)|((t*3)>>6)),5
964,((t*1)&(t-4))>>(((t^6)%3)^5),20
965,((t&((t*9)&8))>>(t>>(t&(t>>7))))-(t&11),30
966,((t^7)>>2)&(((t>>2)>>8)*((t*(t*3))*6)),40
967,((t|8)&(t>>7))&(t+8),40
968,(((t>>8)^(t>>5))&(t*8))|(t*((t^7)^5)),20
969,(((t%10)&(t^(t&(t*12))))*9)^((t>>9)*(t&9)),35
970,t&((t>>7)>>((((t>>7)&10)&(t-8))^11)),20
971,(t>>9)*(((((t*8)^10)^9)&(t%(t+8)))*9),15
972,t^(t&(((t&-1)|(t>>3))>>6)),40
973,(t>>4)>>((t&6)&(((t>>3)>>5)&((t-6)*6))),25
974,(t|7)>>((((t-3)*(t^(t>>2)))&8)^3),10
975,(((((t*10)+10)%12)|12)&(t-10))*((t&10)*(t>>10)),55
976,(t*8)>>((((t^7)|10)>>9)&(t|7)),30
977,(t-(t^1))*(t^((t^-1)|-1)),0
978,(t&9)&((t>>(((t>>5)>>((t^7)&2))>>9))-(t*9)),10
979,(t%9)>>((t>>(t&(t*12)))|((t>>(t|(t>>9)))*(t&(t|((t>>11)^10))))),5
980,(t>>((t>>9)%10))^(t&((t&8)^5)),10
981,((t>>9)*8)&((t>>(t*9))-(((t&8)|14)&(t*10))),10
982,((t|(t&((t>>9)*(t>>9))))*14)^(t*(t>>8)),30
983,(t&(t&(t%6)))-((((t&6)^10)/11)-((t>>9)*(t%9))),25
984,t>>((t*(t>>6))>>(((t*6)*1)&((t&(t>>6))*6))),15
985,(t>>7)&(t^(((t^(t+9))*11)>>((t*7)*7))),35
986,((t^8)&10)|(t>>((t|9)&(t*(t>>10)))),0
987,t*(((t>>3)*((t>>8)&5))|((t*3)%3)),0
988,(t&((t|6)&(t%4)))+((t^8)&((t|4)>>5)),25
989,(t&(t&7))|((t>>6)^(t>>(t&7))),20
990,(((t*10)*10)*((t&7)&(t*9)))*(((t^8)>>((t&(t-8))>>14))|(t>>11)),25
991,(t>>4)^((t*((t&7)&6))>>((t|8)&10)),5
992,(t*(t>>10))|((t%(t+2))>>6),60
993,((((t*7)|(t&8))&(t-9))|(t*6))&(t>>8),45
994,((t-10)>>8)&(t&(t|(t>>9))),35
995,(((t|2)^0)>>3)|(t^((t+(t*0))*((t^-1)|1))),15
996,(t>>5)+(((t%3)*(t-3))*(((t*4)&5)/7)),10
997,(t*6)*(((t-7)>>8)+((t>>7)&(t&(t>>5)))),20
998,(t>>((t&4)&(t&(t^3))))&(t-5),15
999,(((t&6)&7)>>(t&7))|((t*((t^(t*4))&8))>>7),10